Rank;Player;Age;Tm;First;Pts Won;Pts Max;Share;G;MP;PTS;TRB;AST;STL;BLK;FG%;3P%;FT%;WS;WS/48;Year
1;Michael Jordan;27;CHI;77;891;960;928;82;37;31.5;6;5.5;2.7;1;539;312;851;20.3;321;1991
2;Magic Johnson;31;LAL;10;497;960;518;79;37.1;19.4;7;12.5;1.3;0.2;477;0.32;906;15.4;251;1991
3;David Robinson;25;SAS;6;476;960;496;82;37.7;25.6;13;2.5;1.5;3.9;552;143;762;17;264;1991
4;Charles Barkley;27;PHI;2;222;960;231;67;37.3;27.6;10.1;4.2;1.6;0.5;0.57;284;722;13.4;258;1991
5;Karl Malone;27;UTA;0;142;960;148;82;40.3;29;11.8;3.3;1.1;1;527;286;0.77;15.5;225;1991
6;Clyde Drexler;28;POR;1;75;960;78;82;34.8;21.5;6.7;6;1.8;0.7;482;319;794;12.4;209;1991
7;Kevin Johnson;24;PHO;0;32;960;33;77;36;22.2;3.5;10.1;2.1;0.1;516;205;843;12.7;0.22;1991
8;Dominique Wilkins;31;ATL;0;29;960;0.03;81;38;25.9;9;3.3;1.5;0.8;0.47;341;829;11.4;177;1991
9T;Larry Bird;34;BOS;0;25;960;26;60;38;19.4;8.5;7.2;1.8;1;454;389;891;6.6;0.14;1991
9T;Terry Porter;27;POR;0;25;960;26;81;32.9;17;3.5;8;2;0.1;515;415;823;13;235;1991
11;Patrick Ewing;28;NYK;0;20;960;21;81;38.3;26.6;11.2;3;1;3.2;514;0;745;10;155;1991
12;John Stockton;28;UTA;0;15;960;16;82;37.8;17.2;2.9;14.2;2.9;0.2;507;345;836;14;217;1991
13;Isiah Thomas;29;DET;0;11;960;11;48;34.5;16.2;3.3;9.3;1.6;0.2;435;292;782;3.4;98;1991
14;Robert Parish;37;BOS;0;10;960;0.01;81;30.1;14.9;10.6;0.8;0.8;1.3;598;0;767;10;198;1991
15;Joe Dumars;27;DET;0;8;960;8;80;38.1;20.4;2.3;5.5;1.1;0.1;481;311;0.89;9.9;155;1991
16;Bernard King;34;WSB;0;7;960;7;64;37.5;28.4;5;4.6;0.9;0.3;472;216;0.79;3.5;0.07;1991
17;Kenny Smith;25;HOU;0;5;960;5;78;34.6;17.7;2.1;7.1;1.4;0.1;0.52;363;844;9;161;1991
18;Hakeem Olajuwon;28;HOU;0;4;960;4;56;36.8;21.2;13.8;2.3;2.2;3.9;508;0;769;8.6;201;1991
19T;Tim Hardaway;24;GSW;0;1;960;1;82;39.2;22.9;4;9.7;2.6;0.1;476;385;803;9.9;148;1991
19T;Kevin McHale;33;BOS;0;1;960;1;68;30.4;18.4;7.1;1.9;0.4;2.1;553;405;829;7.9;182;1991
1;Michael Jordan;28;CHI;80;900;960;938;80;38.8;30.1;6.4;6.1;2.3;0.9;519;0.27;832;17.7;274;1992
2;Clyde Drexler;29;POR;12;561;960;584;76;36.2;25;6.6;6.7;1.8;0.9;0.47;337;794;12.8;223;1992
3;David Robinson;26;SAS;2;337;960;351;68;37.7;23.2;12.2;2.7;2.3;4.5;551;125;701;13.9;0.26;1992
4;Karl Malone;28;UTA;1;262;960;273;81;37.7;28;11.2;3;1.3;0.6;526;176;778;15.1;237;1992
5;Patrick Ewing;29;NYK;0;100;960;104;82;38.4;24;11.2;1.9;1.1;3;522;167;738;13;198;1992
6;Chris Mullin;28;GSW;0;81;960;84;81;41.3;25.6;5.6;3.5;2.1;0.8;524;366;833;10.8;155;1992
7;Mark Price;27;CLE;0;66;960;69;72;29.7;17.3;2.4;7.4;1.3;0.2;488;387;947;9.1;205;1992
8;Tim Hardaway;25;GSW;0;64;960;67;81;41.1;23.4;3.8;10;2;0.2;461;338;766;9.2;132;1992
9;Scottie Pippen;26;CHI;1;32;960;33;82;38.6;21;7.7;7;1.9;1.1;506;0.2;0.76;12.7;192;1992
10;Dennis Rodman;30;DET;0;26;960;27;82;40.3;9.8;18.7;2.3;0.8;0.9;539;317;0.6;12.6;183;1992
11;Brad Daugherty;26;CLE;0;24;960;25;73;36.2;21.5;10.4;3.6;0.9;1.1;0.57;0;777;11.7;213;1992
12T;Charles Barkley;28;PHI;0;18;960;19;75;38.4;23.1;11.1;4.1;1.8;0.6;552;234;695;12.3;205;1992
12T;John Stockton;29;UTA;0;18;960;19;82;36.6;15.8;3.3;13.7;3;0.3;482;407;842;13.4;215;1992
14;Larry Bird;35;BOS;0;3;960;3;45;36.9;20.2;9.6;6.8;0.9;0.7;466;406;926;5.5;159;1992
15;Kevin Johnson;25;PHO;0;2;960;2;78;37.2;19.7;3.7;10.7;1.5;0.3;479;217;807;10;165;1992
16T;Danny Manning;25;LAC;0;1;960;1;82;35.4;19.3;6.9;3.5;1.6;1.5;542;0;725;9.8;162;1992
16T;Detlef Schrempf;29;IND;0;1;960;1;80;32.6;17.3;9.6;3.9;0.8;0.5;536;324;828;9.8;181;1992
1;Charles Barkley;29;PHO;59;835;980;852;76;37.6;25.6;12.2;5.1;1.6;1;0.52;305;765;14.4;242;1993
2;Hakeem Olajuwon;30;HOU;22;647;980;0.66;82;39.5;26.1;13;3.5;1.8;4.2;529;0;779;15.8;234;1993
3;Michael Jordan;29;CHI;13;565;980;577;78;39.3;32.6;6.7;5.5;2.8;0.8;495;352;837;17.2;0.27;1993
4;Patrick Ewing;30;NYK;4;359;980;366;81;37.1;24.2;12.1;1.9;0.9;2;503;143;719;10.6;0.17;1993
5;Dominique Wilkins;33;ATL;0;54;980;55;71;37.3;29.9;6.8;3.2;1;0.4;468;0.38;828;10.5;191;1993
6;David Robinson;27;SAS;0;33;980;34;82;39.2;23.4;11.7;3.7;1.5;3.2;501;176;732;13.2;197;1993
7;Shaquille O'Neal;20;ORL;0;30;980;31;81;37.9;23.4;13.9;1.9;0.7;3.5;562;0;592;10.4;163;1993
8T;Karl Malone;29;UTA;0;10;980;0.01;82;37.8;27;11.2;3.8;1.5;1;552;0.2;0.74;15.4;238;1993
8T;Mark Price;28;CLE;0;10;980;0.01;75;31.7;18.2;2.7;8;1.2;0.1;484;416;948;9.8;197;1993
10T;Brad Daugherty;27;CLE;0;1;980;1;71;37.9;20.2;10.2;4.4;0.7;0.8;571;0.5;795;12.7;226;1993
10T;Clyde Drexler;30;POR;0;1;980;1;49;34.1;19.9;6.3;5.7;1.9;0.8;429;233;839;6;171;1993
10T;Joe Dumars;29;DET;0;1;980;1;77;40.2;23.5;1.9;4;1;0.1;466;375;864;9.1;141;1993
10T;Shawn Kemp;23;SEA;0;1;980;1;78;33.1;17.8;10.7;2;1.5;1.9;492;0;712;9.1;169;1993
10T;John Stockton;30;UTA;0;1;980;1;82;34.9;15.1;2.9;12;2.4;0.3;486;385;798;10.6;177;1993
1;Hakeem Olajuwon;31;HOU;66;889;1010;0.88;80;41;27.3;11.9;3.6;1.6;3.7;528;421;716;14.3;0.21;1994
2;David Robinson;28;SAS;24;730;1010;723;80;40.5;29.8;10.7;4.8;1.7;3.3;507;345;749;20;296;1994
3;Scottie Pippen;28;CHI;7;390;1010;386;72;38.3;22;8.7;5.6;2.9;0.8;491;0.32;0.66;11.2;194;1994
4;Shaquille O'Neal;21;ORL;3;289;1010;286;81;39.8;29.3;13.2;2.4;0.9;2.9;599;0;554;16.9;252;1994
5;Patrick Ewing;31;NYK;1;255;1010;252;79;37.6;24.5;11.2;2.3;1.1;2.7;496;286;765;13.1;211;1994
6;Gary Payton;25;SEA;0;20;1010;0.02;82;35.1;16.5;3.3;6;2.3;0.2;504;278;595;9.3;155;1994
7T;Shawn Kemp;24;SEA;0;17;1010;17;79;32.9;18.1;10.8;2.6;1.8;2.1;538;0.25;741;11.7;216;1994
7T;Karl Malone;30;UTA;0;17;1010;17;82;40.6;25.2;11.5;4;1.5;1.5;497;0.25;694;13.4;193;1994
9;Mark Price;29;CLE;0;7;1010;7;76;31.4;17.3;3;7.8;1.4;0.1;478;397;888;10;201;1994
10;Charles Barkley;30;PHO;0;5;1010;5;65;35.4;21.6;11.2;4.6;1.6;0.6;495;0.27;704;8.8;185;1994
11T;Mookie Blaylock;26;ATL;0;1;1010;1;81;36;13.8;5.2;9.7;2.6;0.5;411;334;0.73;10.2;168;1994
11T;Kevin Johnson;27;PHO;0;1;1010;1;67;36.6;20;2.5;9.5;1.9;0.1;487;222;819;8.7;0.17;1994
11T;Dennis Rodman;32;SAS;0;1;1010;1;79;37.8;4.7;17.3;2.3;0.7;0.4;534;208;0.52;8.7;0.14;1994
11T;Latrell Sprewell;23;GSW;0;1;1010;1;82;43.1;21;4.9;4.7;2.2;0.9;433;361;774;8;108;1994
11T;John Stockton;31;UTA;0;1;1010;1;82;36.2;15.1;3.1;12.6;2.4;0.3;528;322;805;13.2;214;1994
11T;Dominique Wilkins;34;TOT;0;1;1010;1;74;35.6;26;6.5;2.3;1.2;0.4;0.44;288;847;8.4;153;1994
11T;Kevin Willis;31;ATL;0;1;1010;1;80;35.8;19.1;12;1.9;1;0.5;499;375;713;10.2;0.17;1994
1;David Robinson;29;SAS;73;901;1050;858;81;38;27.6;10.8;2.9;1.7;3.2;0.53;0.3;774;17.5;273;1995
2;Shaquille O'Neal;22;ORL;12;605;1050;576;79;37;29.3;11.4;2.7;0.9;2.4;583;0;533;14;0.23;1995
3;Karl Malone;31;UTA;14;532;1050;507;82;38.1;26.7;10.6;3.5;1.6;1;536;268;742;13.8;212;1995
4;Patrick Ewing;32;NYK;2;230;1050;219;79;37;23.9;11;2.7;0.9;2;503;286;0.75;9.6;157;1995
5;Hakeem Olajuwon;32;HOU;1;147;1050;0.14;72;39.6;27.8;10.8;3.5;1.8;3.4;517;188;756;10.7;181;1995
6;Charles Barkley;31;PHO;1;96;1050;91;68;35;23;11.1;4.1;1.6;0.7;486;338;748;10.6;214;1995
7;Scottie Pippen;29;CHI;1;83;1050;79;79;38.2;21.4;8.1;5.2;2.9;1.1;0.48;345;716;11.8;188;1995
8;John Stockton;32;UTA;1;47;1050;45;82;35;14.7;3.1;12.3;2.4;0.3;542;449;804;13.9;233;1995
9;Gary Payton;26;SEA;0;34;1050;32;82;36.8;20.6;3.4;7.1;2.5;0.2;509;302;716;11.7;187;1995
10;Anfernee Hardaway;23;ORL;0;23;1050;22;77;37.7;20.9;4.4;7.2;1.7;0.3;512;349;769;10.7;177;1995
11;Michael Jordan;31;CHI;0;12;1050;11;17;39.3;26.9;6.9;5.3;1.8;0.8;411;0.5;801;2.3;167;1995
12;Dennis Rodman;33;SAS;0;9;1050;9;49;32;7.1;16.8;2;0.6;0.5;571;0;676;5.8;178;1995
13;Jason Kidd;21;DAL;0;7;1050;7;79;33.8;11.7;5.4;7.7;1.9;0.3;385;272;698;3.7;66;1995
14;Clyde Drexler;32;TOT;0;3;1050;3;76;35.9;21.8;6.3;4.8;1.8;0.6;461;0.36;824;11.7;206;1995
15;Cedric Ceballos;25;LAL;0;1;1050;1;58;35;21.7;8;1.8;1;0.3;509;397;716;5.2;123;1995
1;Michael Jordan;32;CHI;109;1114;1130;986;82;37.7;30.4;6.6;4.3;2.2;0.5;495;427;834;20.4;317;1996
2;David Robinson;30;SAS;0;574;1130;508;82;36.8;25;12.2;3;1.4;3.3;516;333;761;18.3;0.29;1996
3;Anfernee Hardaway;24;ORL;2;360;1130;319;82;36.8;21.7;4.3;7.1;2;0.5;513;314;767;14.4;229;1996
4;Hakeem Olajuwon;33;HOU;1;238;1130;211;72;38.8;26.9;10.9;3.6;1.6;2.9;514;214;724;9.7;166;1996
5;Scottie Pippen;30;CHI;0;226;1130;0.2;77;36.7;19.4;6.4;5.9;1.7;0.7;463;374;679;12.3;209;1996
6;Gary Payton;27;SEA;0;98;1130;87;81;39;19.3;4.2;7.5;2.9;0.2;484;328;748;11.5;174;1996
7;Karl Malone;32;UTA;1;85;1130;75;82;38;25.7;9.8;4.2;1.7;0.7;519;0.4;723;15.1;233;1996
8;Shawn Kemp;26;SEA;0;73;1130;65;79;33.3;19.6;11.4;2.2;1.2;1.6;561;417;742;11.2;205;1996
9T;Grant Hill;23;DET;0;63;1130;56;80;40.8;20.2;9.8;6.9;1.3;0.6;462;192;751;11.7;172;1996
9T;Shaquille O'Neal;23;ORL;0;63;1130;56;54;36;26.6;11;2.9;0.6;2.1;573;0.5;487;6.9;171;1996
11;John Stockton;33;UTA;0;12;1130;11;82;35.5;14.7;2.8;11.2;1.7;0.2;538;422;0.83;13;214;1996
12T;Charles Barkley;32;PHO;0;8;1130;7;71;37.1;23.2;11.6;3.7;1.6;0.8;0.5;0.28;777;10.5;191;1996
12T;Magic Johnson;36;LAL;0;8;1130;7;32;29.9;14.6;5.7;6.9;0.8;0.4;466;379;856;3.6;181;1996
14;Alonzo Mourning;25;MIA;0;6;1130;5;70;38.2;23.2;10.4;2.3;1;2.7;523;0.3;685;9.9;178;1996
15;Dennis Rodman;34;CHI;0;4;1130;4;64;32.6;5.5;14.9;2.5;0.6;0.4;0.48;111;528;6.2;143;1996
16T;Terrell Brandon;25;CLE;0;3;1130;3;75;34.3;19.3;3.3;6.5;1.8;0.4;465;387;887;12.7;237;1996
16T;Mitch Richmond;30;SAC;0;3;1130;3;81;36.4;23.1;3.3;3.1;1.5;0.2;447;437;866;9.3;151;1996
1;Karl Malone;33;UTA;63;986;1150;857;82;36.6;27.4;9.9;4.5;1.4;0.6;0.55;0;755;16.7;268;1997
2;Michael Jordan;33;CHI;52;957;1150;832;82;37.9;29.6;5.9;4.3;1.7;0.5;486;374;833;18.3;283;1997
3;Grant Hill;24;DET;0;376;1150;327;80;39.3;21.4;9;7.3;1.8;0.6;496;303;711;14.6;223;1997
4;Tim Hardaway;30;MIA;0;238;1150;207;81;38.7;20.3;3.4;8.6;1.9;0.1;415;344;799;12.9;198;1997
5;Glen Rice;29;CHH;0;134;1150;117;79;42.6;26.8;4;2;0.9;0.3;477;0.47;867;10.8;154;1997
6;Gary Payton;28;SEA;0;105;1150;91;82;39.2;21.8;4.6;7.1;2.4;0.2;476;313;715;12.9;193;1997
7;Hakeem Olajuwon;34;HOU;0;95;1150;83;78;36.6;23.2;9.2;3;1.5;2.2;0.51;313;787;9.1;154;1997
8;Patrick Ewing;34;NYK;0;57;1150;0.05;78;37;22.4;10.7;2;0.9;2.4;488;222;754;9.8;163;1997
9T;Anthony Mason;30;CHH;0;7;1150;6;73;43.1;16.2;11.4;5.7;1;0.5;525;333;745;11.4;173;1997
9T;Shaquille O'Neal;24;LAL;0;7;1150;6;51;38.1;26.2;12.5;3.1;0.9;2.9;557;0;484;8;197;1997
11;Scottie Pippen;31;CHI;0;6;1150;5;82;37.7;20.2;6.5;5.7;1.9;0.5;474;368;701;13.1;203;1997
12;Alonzo Mourning;26;MIA;0;5;1150;4;66;35.2;19.8;9.9;1.6;0.8;2.9;534;111;642;8.4;174;1997
13T;Dikembe Mutombo;30;ATL;0;4;1150;3;80;37.2;13.3;11.6;1.4;0.6;3.3;527;0;705;11.3;183;1997
13T;Mitch Richmond;31;SAC;0;4;1150;3;81;38.6;25.9;3.9;4.2;1.5;0.3;454;428;861;10.8;166;1997
15;John Stockton;34;UTA;0;3;1150;3;82;35.3;14.4;2.8;10.5;2;0.2;548;422;846;13.6;226;1997
16;Charles Barkley;33;HOU;0;2;1150;2;53;37.9;19.2;13.5;4.7;1.3;0.5;484;283;694;9.4;224;1997
17T;Tom Gugliotta;27;MIN;0;1;1150;1;81;38.7;20.6;8.7;4.1;1.6;1.1;442;258;0.82;6.7;103;1997
17T;Allen Iverson;21;PHI;0;1;1150;1;76;40.1;23.5;4.1;7.5;2.1;0.3;416;341;702;4.1;65;1997
17T;Kevin Johnson;30;PHO;0;1;1150;1;70;38;20.1;3.6;9.3;1.5;0.2;496;441;852;11.7;211;1997
17T;Steve Smith;27;ATL;0;1;1150;1;72;39.1;20.1;3.3;4.2;0.9;0.3;429;335;847;9.1;154;1997
1;Michael Jordan;34;CHI;92;1084;1160;934;82;38.8;28.7;5.8;3.5;1.7;0.5;465;238;784;15.8;238;1998
2;Karl Malone;34;UTA;20;842;1160;726;81;37.4;27;10.3;3.9;1.2;0.9;0.53;333;761;16.4;259;1998
3;Gary Payton;29;SEA;3;431;1160;372;82;38.4;19.2;4.6;8.3;2.3;0.2;453;338;744;12.5;0.19;1998
4;Shaquille O'Neal;25;LAL;1;311;1160;268;60;36.3;28.3;11.4;2.4;0.7;2.4;584;0;527;10.2;224;1998
5;Tim Duncan;21;SAS;0;148;1160;128;82;39.1;21.1;11.9;2.7;0.7;2.5;549;0;662;12.8;192;1998
6;Tim Hardaway;31;MIA;0;71;1160;61;81;37.4;18.9;3.7;8.3;1.7;0.2;431;351;781;11.7;185;1998
7;David Robinson;32;SAS;0;36;1160;31;73;33.7;21.6;10.6;2.7;0.9;2.6;511;0.25;735;13.8;269;1998
8;Vin Baker;26;SEA;0;24;1160;21;82;35.9;19.2;8;1.9;1.1;1;542;143;591;10.4;169;1998
9;Grant Hill;25;DET;0;23;1160;0.02;81;40.7;21.1;7.7;6.8;1.8;0.7;452;143;0.74;10.2;149;1998
10;Scottie Pippen;32;CHI;0;14;1160;12;44;37.5;19.1;5.2;5.8;1.8;1;447;318;777;6.6;193;1998
11;Glen Rice;30;CHH;0;7;1160;6;82;40.2;22.3;4.3;2.2;0.9;0.3;457;433;849;9.3;136;1998
12;Antoine Walker;21;BOS;0;6;1160;5;82;39.9;22.4;10.2;3.3;1.7;0.7;423;312;645;4.7;0.07;1998
13T;Jason Kidd;24;PHO;0;5;1160;4;82;38;11.6;6.2;9.1;2;0.3;416;313;799;8;123;1998
13T;John Stockton;35;UTA;0;5;1160;4;64;29;12;2.6;8.5;1.4;0.2;528;429;827;8;206;1998
15;Mitch Richmond;32;SAC;0;3;1160;3;70;36.7;23.2;3.3;4;1.3;0.2;445;389;864;7.9;148;1998
16T;Reggie Miller;32;IND;0;2;1160;2;81;34.5;19.5;2.9;2.1;1;0.1;477;429;868;12;206;1998
16T;Rik Smits;31;IND;0;2;1160;2;73;28.6;16.7;6.9;1.4;0.5;1.2;495;0;783;6.1;141;1998
18T;Michael Finley;24;DAL;0;1;1160;1;82;41.4;21.5;5.3;4.9;1.6;0.4;449;357;784;7.5;106;1998
18T;Rod Strickland;31;WAS;0;1;1160;1;76;39.7;17.8;5.3;10.5;1.7;0.3;434;0.25;726;8.1;129;1998
1;Karl Malone;35;UTA;44;827;1180;701;49;37.4;23.8;9.4;4.1;1.3;0.6;493;0;788;9.6;252;1999
2;Alonzo Mourning;28;MIA;36;773;1180;655;46;38.1;20.1;11;1.6;0.7;3.9;511;0;652;7.9;216;1999
3;Tim Duncan;22;SAS;30;740;1180;627;50;39.3;21.7;11.4;2.4;0.9;2.5;495;143;0.69;8.7;213;1999
4;Allen Iverson;23;PHI;5;319;1180;0.27;48;41.5;26.8;4.9;4.6;2.3;0.1;412;291;751;7.2;173;1999
5;Jason Kidd;25;PHO;2;159;1180;135;50;41.2;16.9;6.8;10.8;2.3;0.4;444;366;757;8.1;188;1999
6;Shaquille O'Neal;26;LAL;1;89;1180;75;49;34.8;26.3;10.7;2.3;0.7;1.7;576;0;0.54;9;255;1999
7;Chris Webber;25;SAC;0;51;1180;43;42;40.9;20;13;4.1;1.4;2.1;486;118;454;3.6;102;1999
8;Grant Hill;26;DET;0;39;1180;33;50;37;21.1;7.1;6;1.6;0.5;479;0;752;7.3;189;1999
9;Gary Payton;30;SEA;0;35;1180;0.03;50;40.2;21.7;4.9;8.7;2.2;0.2;434;295;721;7.2;172;1999
10;Kevin Garnett;22;MIN;0;9;1180;8;47;37.9;20.8;10.4;4.3;1.7;1.8;0.46;286;704;5.4;146;1999
11;Shawn Kemp;29;CLE;0;7;1180;6;42;35.1;20.5;9.2;2.4;1.1;1.1;482;0.5;789;6.3;205;1999
12;David Robinson;33;SAS;0;6;1180;5;49;31.7;15.8;10;2.1;1.4;2.4;509;0;658;8.4;261;1999
13T;Hakeem Olajuwon;36;HOU;0;3;1180;3;50;35.7;18.9;9.6;1.8;1.6;2.5;514;308;717;6.5;175;1999
13T;Arvydas Sabonis;34;POR;0;3;1180;3;50;27;12.1;7.9;2.4;0.7;1.3;485;292;771;5.8;207;1999
15;Darrell Armstrong;30;ORL;0;2;1180;2;50;30;13.8;3.6;6.7;2.2;0.1;441;365;904;6.4;205;1999
16T;Vince Carter;22;TOR;0;1;1180;1;50;35.2;18.3;5.7;3;1.1;1.5;0.45;288;761;5;136;1999
16T;Anfernee Hardaway;27;ORL;0;1;1180;1;50;38.9;15.8;5.7;5.3;2.2;0.5;0.42;286;706;5;122;1999
16T;Mark Jackson;33;IND;0;1;1180;1;49;28.2;7.6;3.8;7.9;0.9;0.1;419;311;823;3.8;134;1999
16T;Glenn Robinson;26;MIL;0;1;1180;1;47;33.6;18.4;5.9;2.1;1;0.9;459;392;0.87;4;122;1999
16T;Steve Smith;29;ATL;0;1;1180;1;36;36.5;18.7;4.2;3.3;1;0.3;402;338;849;4.4;162;1999
16T;Rasheed Wallace;24;POR;0;1;1180;1;49;28.9;12.8;4.9;1.2;1;1.1;508;419;732;5;169;1999
1;Shaquille O'Neal;27;LAL;120;1207;1210;998;79;40;29.7;13.6;3.8;0.5;3;574;0;524;18.6;283;2000
2;Kevin Garnett;23;MIN;0;408;1210;337;81;40;22.9;11.8;5;1.5;1.6;497;0.37;765;11.6;172;2000
3;Alonzo Mourning;29;MIA;0;367;1210;303;79;34.8;21.7;9.5;1.6;0.5;3.7;551;0;711;12.9;226;2000
4;Karl Malone;36;UTA;0;312;1210;258;82;35.9;25.5;9.5;3.7;1;0.9;509;0.25;797;15.3;249;2000
5;Tim Duncan;23;SAS;0;248;1210;205;74;38.9;23.2;12.4;3.2;0.9;2.2;0.49;91;761;13;218;2000
6;Gary Payton;31;SEA;0;180;1210;149;82;41.8;24.2;6.5;8.9;1.9;0.2;448;0.34;735;13.9;195;2000
7;Allen Iverson;24;PHI;1;132;1210;109;70;40.8;28.4;3.8;4.7;2.1;0.1;421;341;713;6.9;116;2000
8;Grant Hill;27;DET;0;113;1210;93;74;37.5;25.8;6.6;5.2;1.4;0.6;489;347;795;10.7;185;2000
9;Chris Webber;26;SAC;0;96;1210;79;75;38.4;24.5;10.5;4.6;1.6;1.7;483;284;751;10.7;179;2000
10;Vince Carter;23;TOR;0;51;1210;42;82;38.1;25.7;5.8;3.9;1.3;1.1;465;403;791;11.8;182;2000
11;Jason Kidd;26;PHO;0;25;1210;21;67;39;14.3;7.2;10.1;2;0.4;409;337;829;8.5;156;2000
12;Kobe Bryant;21;LAL;0;3;1210;2;66;38.2;22.5;6.3;4.9;1.6;0.9;468;319;821;10.6;202;2000
13T;Darrell Armstrong;31;ORL;0;1;1210;1;82;31.6;16.2;3.3;6.1;2.1;0.1;433;0.34;911;8;149;2000
13T;Michael Finley;26;DAL;0;1;1210;1;82;42.2;22.6;6.3;5.3;1.3;0.4;457;401;0.82;8.3;114;2000
13T;Reggie Miller;34;IND;0;1;1210;1;81;36.9;18.1;3;2.3;1;0.3;448;408;919;10.1;162;2000
13T;Jalen Rose;27;IND;0;1;1210;1;80;37.2;18.2;4.8;4;1.1;0.6;471;393;827;7.3;118;2000
1;Allen Iverson;25;PHI;93;1121;1240;904;71;42;31.1;3.8;4.6;2.5;0.3;0.42;0.32;814;11.8;0.19;2001
2;Tim Duncan;24;SAS;18;706;1240;569;82;38.7;22.2;12.2;3;0.9;2.3;499;259;618;13.2;0.2;2001
3;Shaquille O'Neal;28;LAL;7;578;1240;466;74;39.5;28.7;12.7;3.7;0.6;2.8;572;0;513;14.9;245;2001
4;Chris Webber;27;SAC;5;521;1240;0.42;70;40.5;27.1;11.1;4.2;1.3;1.7;481;71;703;11;186;2001
5;Kevin Garnett;24;MIN;1;151;1240;122;81;39.5;22;11.4;5;1.4;1.8;477;288;764;11.8;176;2001
6;Tracy McGrady;21;ORL;0;64;1240;52;77;40.1;26.8;7.5;4.6;1.5;1.5;457;355;733;12.2;189;2001
7;Karl Malone;37;UTA;0;21;1240;17;81;35.7;23.2;8.3;4.5;1.1;0.8;498;0.4;793;13.1;217;2001
8;Jason Kidd;27;PHO;0;18;1240;15;77;39.8;16.9;6.4;9.8;2.2;0.3;411;297;814;9.6;0.15;2001
9;Kobe Bryant;22;LAL;0;11;1240;9;68;40.9;28.5;5.9;5;1.7;0.6;464;305;853;11.3;196;2001
10;David Robinson;35;SAS;0;8;1240;6;80;29.6;14.4;8.6;1.5;1;2.5;486;0;747;12.1;246;2001
11T;Ray Allen;25;MIL;0;7;1240;6;82;38.2;22;5.2;4.6;1.5;0.2;0.48;433;888;13.7;211;2001
11T;Vince Carter;24;TOR;0;7;1240;6;75;39.7;27.6;5.5;3.9;1.5;1.1;0.46;408;765;12.9;208;2001
13;Paul Pierce;23;BOS;0;5;1240;4;82;38;25.3;6.4;3.1;1.7;0.8;454;383;745;10.4;0.16;2001
14;Jerry Stackhouse;26;DET;0;3;1240;2;80;40.2;29.8;3.9;5.1;1.2;0.7;402;351;822;9.2;137;2001
15T;Michael Finley;27;DAL;0;1;1240;1;82;42;21.5;5.2;4.4;1.4;0.4;458;346;775;8.5;119;2001
15T;Anthony Mason;34;MIA;0;1;1240;1;80;40.7;16.1;9.6;3.1;1;0.3;482;0;781;11.6;171;2001
15T;John Stockton;38;UTA;0;1;1240;1;82;29.2;11.5;2.8;8.7;1.6;0.3;504;462;817;10.8;216;2001
1;Tim Duncan;25;SAS;57;954;1260;757;82;40.6;25.5;12.7;3.7;0.7;2.5;508;0.1;799;17.8;257;2002
2;Jason Kidd;28;NJN;45;897;1260;712;82;37.3;14.7;7.3;9.9;2.1;0.2;391;321;814;8.9;0.14;2002
3;Shaquille O'Neal;29;LAL;15;696;1260;552;67;36.1;27.2;10.7;3;0.6;2;579;0;555;13.2;262;2002
4;Tracy McGrady;22;ORL;7;390;1260;0.31;76;38.3;25.6;7.9;5.3;1.6;1;451;364;748;11.5;189;2002
5;Kobe Bryant;23;LAL;1;98;1260;78;80;38.3;25.2;5.5;5.5;1.5;0.4;469;0.25;829;12.7;199;2002
6;Gary Payton;33;SEA;1;54;1260;43;82;40.3;22.1;4.8;9;1.6;0.3;467;314;797;12.6;183;2002
7;Chris Webber;28;SAC;0;37;1260;29;54;38.4;24.5;10.1;4.8;1.7;1.4;495;263;749;8.6;0.2;2002
8;Dirk Nowitzki;23;DAL;0;31;1260;25;76;38;23.4;9.9;2.4;1.1;1;477;397;853;13.4;222;2002
9;Allen Iverson;26;PHI;0;29;1260;23;60;43.7;31.4;4.5;5.5;2.8;0.2;398;291;812;6.9;126;2002
10;Ben Wallace;27;DET;0;24;1260;19;80;36.5;7.6;13;1.4;1.7;3.5;531;0;423;11.6;0.19;2002
11;Paul Pierce;24;BOS;0;22;1260;17;82;40.3;26.1;6.9;3.2;1.9;1;442;404;809;12.9;187;2002
12;Kevin Garnett;25;MIN;0;17;1260;13;81;39.2;21.2;12.1;5.2;1.2;1.6;0.47;319;801;12.8;194;2002
13;Michael Jordan;38;WAS;0;16;1260;13;60;34.9;22.9;5.7;5.2;1.4;0.4;416;189;0.79;3.3;75;2002
14;Steve Nash;27;DAL;0;5;1260;4;82;34.6;17.9;3.1;7.7;0.6;0;483;455;887;9.9;167;2002
15;Jerry Stackhouse;27;DET;0;3;1260;2;76;35.3;21.4;4.1;5.3;1;0.5;397;287;858;5.8;104;2002
16T;Mike Bibby;23;SAC;0;1;1260;1;80;33.2;13.7;2.8;5;1.1;0.2;453;0.37;803;6.3;113;2002
16T;Elton Brand;22;LAC;0;1;1260;1;80;37.8;18.2;11.6;2.4;1;2;527;0;742;13.6;216;2002
16T;Peja Stojakovi?;24;SAC;0;1;1260;1;71;37.3;21.2;5.3;2.5;1.1;0.2;484;416;876;9.9;179;2002
1;Tim Duncan;26;SAS;60;962;1190;808;81;39.3;23.3;12.9;3.9;0.7;2.9;513;273;0.71;16.5;248;2003
2;Kevin Garnett;26;MIN;43;871;1190;732;82;40.5;23;13.4;6;1.4;1.6;502;282;751;15.6;225;2003
3;Kobe Bryant;24;LAL;8;496;1190;417;82;41.5;30;6.9;5.9;2.2;0.8;451;383;843;14.9;0.21;2003
4;Tracy McGrady;23;ORL;4;427;1190;359;75;39.4;32.1;6.5;5.5;1.7;0.8;457;386;793;16.1;262;2003
5;Shaquille O'Neal;30;LAL;3;126;1190;106;67;37.8;27.5;11.1;3.1;0.6;2.4;574;0;622;13.2;0.25;2003
6;Allen Iverson;27;PHI;0;83;1190;0.07;82;42.5;27.6;4.2;5.5;2.7;0.2;414;277;774;9.2;127;2003
7;Dirk Nowitzki;24;DAL;0;43;1190;36;80;39;25.1;9.9;3;1.4;1;463;379;881;16.1;249;2003
8;Ben Wallace;28;DET;1;33;1190;28;73;39.4;6.9;15.4;1.6;1.4;3.2;481;167;0.45;10.6;176;2003
9;Jason Kidd;29;NJN;0;31;1190;26;80;37.4;18.7;6.3;8.9;2.2;0.3;414;341;841;11.3;182;2003
10;Chris Webber;29;SAC;0;19;1190;16;67;39.1;23;10.5;5.4;1.6;1.3;461;238;607;6.9;127;2003
11T;Jamal Mashburn;30;NOH;0;1;1190;1;82;40.5;21.6;6.1;5.6;1;0.2;422;389;848;9;0.13;2003
11T;Steve Nash;28;DAL;0;1;1190;1;82;33.1;17.7;2.9;7.3;1;0.1;465;413;909;11.6;206;2003
11T;Paul Pierce;25;BOS;0;1;1190;1;79;39.2;25.9;7.3;4.4;1.8;0.8;416;302;802;10.1;157;2003
1;Kevin Garnett;27;MIN;120;1219;1230;991;82;39.4;24.2;13.9;5;1.5;2.2;499;256;791;18.3;272;2004
2;Tim Duncan;27;SAS;0;716;1230;582;69;36.6;22.3;12.4;3.1;0.9;2.7;501;167;599;13.1;249;2004
3;Jermaine O'Neal;25;IND;2;523;1230;425;78;35.7;20.1;10;2.1;0.8;2.6;434;111;757;9;155;2004
4;Peja Stojakovi?;26;SAC;1;281;1230;228;81;40.3;24.2;6.3;2.1;1.3;0.2;0.48;433;927;13.5;198;2004
5;Kobe Bryant;25;LAL;0;212;1230;172;65;37.6;24;5.5;5.1;1.7;0.4;438;327;852;10.7;0.21;2004
6;Shaquille O'Neal;31;LAL;0;178;1230;145;67;36.8;21.5;11.5;2.9;0.5;2.5;584;0;0.49;9.9;192;2004
7;Ben Wallace;29;DET;0;24;1230;0.02;81;37.7;9.5;12.4;1.7;1.8;3;421;125;0.49;10.2;0.16;2004
8;Jason Kidd;30;NJN;0;17;1230;14;67;36.6;15.5;6.4;9.2;1.8;0.2;384;321;827;7.2;141;2004
9;LeBron James;19;CLE;0;11;1230;9;79;39.5;20.9;5.5;5.9;1.6;0.7;417;0.29;754;5.1;78;2004
10T;Sam Cassell;34;MIN;0;4;1230;3;81;35;19.8;3.3;7.3;1.3;0.2;488;398;873;12.1;205;2004
10T;Baron Davis;24;NOH;0;4;1230;3;67;40.1;22.9;4.3;7.5;2.4;0.4;395;321;673;7.5;133;2004
10T;Dirk Nowitzki;25;DAL;0;4;1230;3;77;37.9;21.8;8.7;2.7;1.2;1.4;462;341;877;11.5;0.19;2004
13;Andrei Kirilenko;22;UTA;0;2;1230;2;78;37.1;16.5;8.1;3.1;1.9;2.8;443;338;0.79;11.6;192;2004
14T;Carmelo Anthony;19;DEN;0;1;1230;1;82;36.5;21;6.1;2.8;1.2;0.5;426;322;777;6.1;98;2004
14T;Yao Ming;23;HOU;0;1;1230;1;82;32.8;17.5;9;1.5;0.3;1.9;522;0;809;11.4;202;2004
14T;Michael Redd;24;MIL;0;1;1230;1;82;36.8;21.7;5;2.3;1;0.1;0.44;0.35;868;9.7;154;2004
1;Steve Nash;30;PHO;65;1066;1270;839;75;34.3;15.5;3.3;11.5;1;0.1;502;431;887;10.9;203;2005
2;Shaquille O'Neal;32;MIA;58;1032;1270;813;73;34.1;22.9;10.4;2.7;0.5;2.3;601;0;461;11;211;2005
3;Dirk Nowitzki;26;DAL;0;349;1270;275;78;38.7;26.1;9.7;3.1;1.2;1.5;459;399;869;15.6;248;2005
4;Tim Duncan;28;SAS;1;328;1270;258;66;33.4;20.3;11.1;2.7;0.7;2.6;496;333;0.67;11.2;245;2005
5;Allen Iverson;29;PHI;2;240;1270;189;75;42.3;30.7;4;7.9;2.4;0.1;424;308;835;9;136;2005
6;LeBron James;20;CLE;0;93;1270;73;80;42.4;27.2;7.4;7.2;2.2;0.7;472;351;0.75;14.3;203;2005
7;Tracy McGrady;25;HOU;0;44;1270;35;78;40.8;25.7;6.2;5.7;1.7;0.7;431;326;774;12;0.18;2005
8;Dwyane Wade;23;MIA;0;43;1270;34;77;38.6;24.1;5.2;6.8;1.6;1.1;478;289;762;11;177;2005
9T;Amar'e Stoudemire;22;PHO;1;41;1270;32;80;36.1;26;8.9;1.6;1;1.6;559;188;733;14.6;243;2005
9T;Ray Allen;29;SEA;0;41;1270;32;78;39.3;23.9;4.4;3.7;1.1;0.1;428;376;883;10.7;168;2005
11;Kevin Garnett;28;MIN;0;15;1270;12;82;38.1;22.2;13.5;5.7;1.5;1.4;502;0.24;811;16.1;248;2005
12;Gilbert Arenas;23;WAS;0;4;1270;3;80;40.9;25.5;4.7;5.1;1.7;0.3;431;365;814;11.5;169;2005
13;Vince Carter;28;TOT;0;3;1270;2;77;36.7;24.5;5.2;4.2;1.4;0.6;452;406;798;9.4;159;2005
14T;P.J. Brown;35;NOH;0;1;1270;1;82;34.4;10.8;9;2.2;0.9;0.6;446;0;864;6.9;118;2005
14T;Marcus Camby;30;DEN;0;1;1270;1;66;30.5;10.3;10;2.3;0.9;3;465;0;723;5.8;138;2005
14T;Shawn Marion;26;PHO;0;1;1270;1;81;38.8;19.4;11.3;1.9;2;1.5;476;334;833;12.5;191;2005
1;Steve Nash;31;PHO;57;924;1250;739;79;35.4;18.8;4.2;10.5;0.8;0.2;512;439;921;12.4;212;2006
2;LeBron James;21;CLE;16;688;1250;0.55;79;42.5;31.4;7;6.6;1.6;0.8;0.48;335;738;16.3;232;2006
3;Dirk Nowitzki;27;DAL;14;544;1250;435;81;38.1;26.6;9;2.8;0.7;1;0.48;406;901;17.7;275;2006
4;Kobe Bryant;27;LAL;22;483;1250;386;80;41;35.4;5.3;4.5;1.8;0.4;0.45;347;0.85;15.3;224;2006
5;Chauncey Billups;29;DET;15;430;1250;344;81;36.1;18.5;3.1;8.6;0.9;0.1;418;433;894;15.5;254;2006
6;Dwyane Wade;24;MIA;0;87;1250;0.07;75;38.6;27.2;5.7;6.7;1.9;0.8;495;171;783;14.4;239;2006
7;Elton Brand;26;LAC;1;50;1250;0.04;79;39.2;24.7;10;2.6;1;2.5;527;333;775;14.8;229;2006
8;Tim Duncan;29;SAS;0;33;1250;26;80;34.8;18.6;11;3.2;0.9;2;484;0.4;629;10.8;187;2006
9;Tony Parker;23;SAS;0;9;1250;7;80;33.9;18.9;3.3;5.8;1;0.1;548;306;707;9.6;169;2006
10T;Allen Iverson;30;PHI;0;1;1250;1;72;43.1;33;3.2;7.4;1.9;0.1;447;323;814;10.6;165;2006
10T;Shawn Marion;27;PHO;0;1;1250;1;81;40.3;21.8;11.8;1.8;2;1.7;525;331;809;14.6;214;2006
1;Dirk Nowitzki;28;DAL;83;1138;1290;882;78;36.2;24.6;8.9;3.4;0.7;0.8;502;416;904;16.3;278;2007
2;Steve Nash;32;PHO;44;1013;1290;785;76;35.3;18.6;3.5;11.6;0.8;0.1;532;455;899;12.6;225;2007
3;Kobe Bryant;28;LAL;2;521;1290;404;77;40.8;31.6;5.7;5.4;1.4;0.5;463;344;868;13;199;2007
4;Tim Duncan;30;SAS;0;286;1290;222;80;34.1;20;10.6;3.4;0.8;2.4;546;111;637;13;0.23;2007
5;LeBron James;22;CLE;0;183;1290;142;78;40.9;27.3;6.7;6;1.6;0.7;476;319;698;13.7;206;2007
6;Tracy McGrady;27;HOU;0;110;1290;85;71;35.8;24.6;5.3;6.5;1.3;0.5;431;331;707;8.6;163;2007
7;Chris Bosh;22;TOR;0;43;1290;33;69;38.5;22.6;10.7;2.5;0.6;1.3;496;343;785;9.6;174;2007
8;Gilbert Arenas;25;WAS;0;31;1290;24;74;39.8;28.4;4.6;6;1.9;0.2;418;351;844;10.8;177;2007
9T;Carlos Boozer;25;UTA;0;7;1290;5;74;34.6;20.9;11.7;3;0.9;0.3;561;0;685;9.9;185;2007
9T;Kevin Garnett;30;MIN;0;7;1290;5;76;39.4;22.4;12.8;4.1;1.2;1.7;476;214;835;10.7;171;2007
11;Chauncey Billups;30;DET;0;4;1290;3;70;36.2;17;3.4;7.2;1.2;0.2;427;345;883;11.4;216;2007
12T;Shaquille O'Neal;34;MIA;0;3;1290;2;40;28.4;17.3;7.4;2;0.2;1.4;591;0;422;2.8;119;2007
12T;Dwyane Wade;25;MIA;0;3;1290;2;51;37.9;27.4;4.7;7.5;2.1;1.2;491;266;807;8.8;219;2007
14;Amar'e Stoudemire;24;PHO;0;2;1290;2;82;32.8;20.4;9.6;1;1;1.3;575;0;781;11.2;201;2007
15T;Carmelo Anthony;22;DEN;0;1;1290;1;65;38.2;28.9;6;3.8;1.2;0.4;476;268;808;7.3;0.14;2007
15T;Baron Davis;27;GSW;0;1;1290;1;63;35.3;20.1;4.4;8.1;2.1;0.5;439;304;745;6.4;139;2007
15T;Tony Parker;24;SAS;0;1;1290;1;77;32.5;18.6;3.2;5.5;1.1;0.1;0.52;395;783;9.6;185;2007
1;Kobe Bryant;29;LAL;82;1100;1260;873;82;38.9;28.3;6.3;5.4;1.8;0.5;459;361;0.84;13.8;208;2008
2;Chris Paul;22;NOH;28;894;1260;0.71;80;37.6;21.1;4;11.6;2.7;0.1;488;369;851;17.8;284;2008
3;Kevin Garnett;31;BOS;15;670;1260;532;71;32.8;18.8;9.2;3.4;1.4;1.3;539;0;801;12.9;265;2008
4;LeBron James;23;CLE;1;438;1260;348;75;40.4;30;7.9;7.2;1.8;1.1;484;315;712;15.2;242;2008
5;Dwight Howard;22;ORL;0;60;1260;48;82;37.7;20.7;14.2;1.3;0.9;2.1;599;0;0.59;12.9;0.2;2008
6;Amar'e Stoudemire;25;PHO;0;27;1260;21;79;33.9;25.2;9.1;1.5;0.8;2.1;0.59;161;805;14.6;262;2008
7;Tim Duncan;31;SAS;0;25;1260;0.02;78;34;19.3;11.3;2.8;0.7;1.9;497;0;0.73;11.1;201;2008
8;Tracy McGrady;28;HOU;0;19;1260;15;66;37;21.6;5.1;5.9;1;0.5;419;292;684;5.8;115;2008
9;Steve Nash;33;PHO;0;18;1260;14;81;34.3;16.9;3.5;11.1;0.7;0.1;504;0.47;906;10.5;181;2008
10;Manu Ginóbili;30;SAS;0;9;1260;7;74;31.1;19.5;4.8;4.5;1.5;0.4;0.46;401;0.86;11.1;232;2008
11;Dirk Nowitzki;29;DAL;0;5;1260;4;77;36;23.6;8.6;3.5;0.7;0.9;479;359;879;12.9;223;2008
12;Deron Williams;23;UTA;0;4;1260;3;82;37.3;18.8;3;10.5;1.1;0.3;507;395;803;11.3;177;2008
13;Carmelo Anthony;23;DEN;0;3;1260;2;77;36.4;25.7;7.4;3.4;1.3;0.5;492;354;786;8.2;0.14;2008
14T;Carlos Boozer;26;UTA;0;1;1260;1;81;34.9;21.1;10.4;2.9;1.2;0.5;547;0;738;10.2;173;2008
14T;Antawn Jamison;31;WAS;0;1;1260;1;79;38.7;21.4;10.2;1.5;1.3;0.4;436;339;0.76;9.2;144;2008
14T;Paul Pierce;30;BOS;0;1;1260;1;80;35.9;19.6;5.1;4.5;1.3;0.5;464;392;843;12.4;207;2008
14T;Rasheed Wallace;33;DET;0;1;1260;1;77;30.5;12.7;6.6;1.8;1.2;1.7;432;356;767;7.6;155;2008
1;LeBron James;24;CLE;109;1172;1210;969;81;37.7;28.4;7.6;7.2;1.7;1.1;489;344;0.78;20.3;318;2009
2;Kobe Bryant;30;LAL;2;698;1210;577;82;36.1;26.8;5.2;4.9;1.5;0.5;467;351;856;12.7;206;2009
3;Dwyane Wade;27;MIA;7;680;1210;562;79;38.6;30.2;5;7.5;2.2;1.3;491;317;765;14.7;232;2009
4;Dwight Howard;23;ORL;1;328;1210;271;79;35.7;20.6;13.8;1.4;1;2.9;572;0;594;13.8;234;2009
5;Chris Paul;23;NOH;2;192;1210;159;78;38.5;22.8;5.5;11;2.8;0.1;503;364;868;18.3;292;2009
6;Chauncey Billups;32;TOT;0;33;1210;27;79;35.3;17.7;3;6.4;1.2;0.2;418;408;913;10.1;174;2009
7;Paul Pierce;31;BOS;0;21;1210;17;81;37.5;20.5;5.6;3.6;1;0.3;457;391;0.83;10.3;164;2009
8;Tony Parker;26;SAS;0;9;1210;7;72;34.1;22;3.1;6.9;0.9;0.1;506;292;782;8.6;168;2009
9;Brandon Roy;24;POR;0;7;1210;6;78;37.2;22.6;4.7;5.1;1.1;0.3;0.48;377;824;13.5;223;2009
10;Dirk Nowitzki;30;DAL;0;3;1210;2;81;37.7;25.9;8.4;2.4;0.8;0.8;479;359;0.89;10.9;171;2009
11;Tim Duncan;32;SAS;0;2;1210;2;75;33.7;19.3;10.7;3.5;0.5;1.7;504;0;692;10.1;191;2009
12;Yao Ming;28;HOU;0;1;1210;1;77;33.6;19.7;9.9;1.8;0.4;1.9;548;1;866;10.6;196;2009
1;LeBron James;25;CLE;116;1205;1230;0.98;76;39;29.7;7.3;8.6;1.6;1;503;333;767;18.5;299;2010
2;Kevin Durant;21;OKC;4;609;1230;495;82;39.5;30.1;7.6;2.8;1.4;1;476;365;0.9;16.1;238;2010
3;Kobe Bryant;31;LAL;0;599;1230;487;73;38.8;27;5.4;5;1.5;0.3;456;329;811;9.4;0.16;2010
4;Dwight Howard;24;ORL;3;478;1230;389;82;34.7;18.3;13.2;1.8;0.9;2.8;612;0;592;13.2;223;2010
5;Dwyane Wade;28;MIA;0;119;1230;97;77;36.3;26.6;4.8;6.5;1.8;1.1;476;0.3;761;13;224;2010
6;Carmelo Anthony;25;DEN;0;65;1230;53;69;38.2;28.2;6.6;3.2;1.3;0.4;458;316;0.83;7.9;145;2010
7;Dirk Nowitzki;31;DAL;0;55;1230;45;81;37.5;25;7.7;2.7;0.9;1;481;421;915;12.3;194;2010
8;Steve Nash;35;PHO;0;49;1230;0.04;81;32.8;16.5;3.3;11;0.5;0.1;507;426;938;9.9;178;2010
9;Deron Williams;25;UTA;0;7;1230;6;76;36.9;18.7;4;10.5;1.3;0.2;469;371;801;10.3;177;2010
10;Amar'e Stoudemire;27;PHO;0;5;1230;4;82;34.6;23.1;8.9;1;0.6;1;557;167;771;10.7;181;2010
11;Manu Ginóbili;32;SAS;0;3;1230;2;75;28.7;16.5;3.8;4.9;1.4;0.3;441;377;0.87;9.7;216;2010
12T;Chauncey Billups;33;DEN;0;1;1230;1;73;34.1;19.5;3.1;5.6;1.1;0.1;418;386;0.91;9.5;182;2010
12T;Chris Bosh;25;TOR;0;1;1230;1;70;36.1;24;10.8;2.4;0.6;1;518;364;797;9.6;182;2010
12T;Stephen Jackson;31;TOT;0;1;1230;1;81;38.6;20.6;5;3.7;1.6;0.5;423;328;779;5;77;2010
12T;Joe Johnson;28;ATL;0;1;1230;1;76;38;21.3;4.6;4.9;1.1;0.1;458;369;818;8.4;0.14;2010
1;Derrick Rose;22;CHI;113;1182;1210;977;81;37.4;25;4.1;7.7;1;0.6;445;332;858;13.1;208;2011
2;Dwight Howard;25;ORL;3;643;1210;531;78;37.6;22.9;14.1;1.4;1.4;2.4;593;0;596;14.4;235;2011
3;LeBron James;26;MIA;4;522;1210;431;79;38.8;26.7;7.5;7;1.6;0.6;0.51;0.33;759;15.6;244;2011
4;Kobe Bryant;32;LAL;1;428;1210;354;82;33.9;25.3;5.1;4.7;1.2;0.1;451;323;828;10.3;178;2011
5;Kevin Durant;22;OKC;0;190;1210;157;78;38.9;27.7;6.8;2.7;1.1;1;462;0.35;0.88;12;189;2011
6;Dirk Nowitzki;32;DAL;0;113;1210;93;73;34.3;23;7;2.6;0.5;0.6;517;393;892;11.1;213;2011
7;Dwyane Wade;29;MIA;0;24;1210;0.02;76;37.1;25.5;6.4;4.6;1.5;1.1;0.5;306;758;12.8;218;2011
8;Manu Ginóbili;33;SAS;0;20;1210;17;80;30.3;17.4;3.7;4.9;1.5;0.4;433;349;871;9.9;195;2011
9;Amar'e Stoudemire;28;NYK;0;9;1210;7;78;36.8;25.3;8.2;2.6;0.9;1.9;502;435;792;8;134;2011
10T;Blake Griffin;21;LAC;0;5;1210;4;82;38;22.5;12.1;3.8;0.8;0.5;506;292;642;9.8;152;2011
10T;Rajon Rondo;24;BOS;0;5;1210;4;68;37.2;10.6;4.4;11.2;2.3;0.2;475;233;568;6.6;126;2011
12;Tony Parker;28;SAS;0;3;1210;2;78;32.4;17.5;3.1;6.6;1.2;0;519;357;769;8.2;156;2011
13;Chris Paul;25;NOH;0;2;1210;2;80;36;15.9;4.1;9.8;2.4;0.1;463;388;878;13.9;232;2011
1;LeBron James;27;MIA;85;1074;1210;888;62;37.5;27.1;7.9;6.2;1.9;0.8;531;362;771;14.5;298;2012
2;Kevin Durant;23;OKC;24;889;1210;735;66;38.6;28;8;3.5;1.3;1.2;496;387;0.86;12.2;0.23;2012
3;Chris Paul;26;LAC;6;385;1210;318;60;36.4;19.8;3.6;9.1;2.5;0.1;478;371;861;12.7;278;2012
4;Kobe Bryant;33;LAL;2;352;1210;291;58;38.5;27.9;5.4;4.6;1.2;0.3;0.43;303;845;6.2;132;2012
5;Tony Parker;29;SAS;4;331;1210;274;60;32.1;18.3;2.9;7.7;1;0.1;0.48;0.23;799;7.1;177;2012
6;Kevin Love;23;MIN;0;58;1210;48;55;39;26;13.3;2;0.9;0.5;448;372;824;10;223;2012
7;Dwight Howard;26;ORL;0;13;1210;11;54;38.3;20.6;14.5;1.9;1.5;2.1;573;0;491;7.7;179;2012
8;Rajon Rondo;25;BOS;0;12;1210;0.01;53;36.9;11.9;4.8;11.7;1.8;0.1;448;238;597;4.9;121;2012
9;Steve Nash;37;PHO;0;7;1210;6;62;31.6;12.5;3;10.7;0.6;0.1;532;0.39;894;5.9;144;2012
10;Dwyane Wade;30;MIA;0;6;1210;5;49;33.2;22.1;4.8;4.6;1.7;1.3;497;268;791;7.7;227;2012
11;Derrick Rose;23;CHI;0;5;1210;4;39;35.3;21.8;3.4;7.9;0.9;0.7;435;312;812;6;211;2012
12T;Dirk Nowitzki;33;DAL;0;4;1210;3;62;33.5;21.6;6.7;2.2;0.7;0.5;457;368;896;7.6;175;2012
12T;Russell Westbrook;23;OKC;0;4;1210;3;66;35.3;23.6;4.6;5.5;1.7;0.3;457;316;823;7.9;163;2012
14;Tim Duncan;35;SAS;0;3;1210;2;58;28.2;15.4;9;2.3;0.7;1.5;492;0;695;5.9;174;2012
15;Joe Johnson;30;ATL;0;1;1210;1;60;35.5;18.8;3.7;3.9;0.8;0.2;454;388;849;6.4;145;2012
1;LeBron James;28;MIA;120;1207;1210;998;76;37.9;26.8;8;7.3;1.7;0.9;565;406;753;19.3;322;2013
2;Kevin Durant;24;OKC;0;765;1210;632;81;38.5;28.1;7.9;4.6;1.4;1.3;0.51;416;905;18.9;291;2013
3;Carmelo Anthony;28;NYK;1;475;1210;393;67;37;28.7;6.9;2.6;0.8;0.5;449;379;0.83;9.5;184;2013
4;Chris Paul;27;LAC;0;289;1210;239;70;33.4;16.9;3.7;9.7;2.4;0.1;481;328;885;13.9;287;2013
5;Kobe Bryant;34;LAL;0;184;1210;152;78;38.6;27.3;5.6;6;1.4;0.3;463;324;839;10.9;174;2013
6;Tony Parker;30;SAS;0;86;1210;71;66;32.9;20.3;3;7.6;0.8;0.1;522;353;845;9.3;206;2013
7;Tim Duncan;36;SAS;0;65;1210;54;69;30.1;17.8;9.9;2.7;0.7;2.7;502;286;817;8.3;191;2013
8;James Harden;23;HOU;0;33;1210;27;78;38.3;25.9;4.9;5.8;1.8;0.5;438;368;851;12.8;206;2013
9;Russell Westbrook;24;OKC;0;9;1210;7;82;34.9;23.2;5.2;7.4;1.8;0.3;438;323;0.8;11.6;195;2013
10;Dwyane Wade;31;MIA;0;5;1210;4;69;34.7;21.2;5;5.1;1.9;0.8;521;258;725;9.6;192;2013
11;Stephen Curry;24;GSW;0;3;1210;2;78;38.2;22.9;4;6.9;1.6;0.2;451;453;0.9;11.2;0.18;2013
12T;Kevin Garnett;36;BOS;0;1;1210;1;68;29.7;14.8;7.8;2.3;1.1;0.9;496;125;786;5.6;133;2013
12T;Marc Gasol;28;MEM;0;1;1210;1;80;35;14.1;7.8;4;1;1.7;494;71;848;11.5;197;2013
12T;Ty Lawson;25;DEN;0;1;1210;1;73;34.4;16.7;2.7;6.9;1.5;0.1;461;366;756;7.4;141;2013
12T;David Lee;29;GSW;0;1;1210;1;79;36.8;18.5;11.2;3.5;0.8;0.3;519;0;797;9.1;0.15;2013
12T;Joakim Noah;27;CHI;0;1;1210;1;66;36.8;11.9;11.1;4;1.2;2.1;481;0;751;7.3;145;2013
1;Kevin Durant;25;OKC;119;1232;1250;986;81;38.5;32;7.4;5.5;1.3;0.7;503;391;873;19.2;295;2014
2;LeBron James;29;MIA;6;891;1250;713;77;37.7;27.1;6.9;6.3;1.6;0.3;567;379;0.75;15.9;264;2014
3;Blake Griffin;24;LAC;0;434;1250;347;80;35.8;24.1;9.5;3.9;1.2;0.6;528;273;715;12.2;205;2014
4;Joakim Noah;28;CHI;0;322;1250;258;80;35.3;12.6;11.3;5.4;1.2;1.5;475;0;737;11.2;0.19;2014
5;James Harden;24;HOU;0;85;1250;68;73;38;25.4;4.7;6.1;1.6;0.4;456;366;866;12.8;221;2014
6;Stephen Curry;25;GSW;0;66;1250;53;78;36.5;24;4.3;8.5;1.6;0.2;471;424;885;13.4;225;2014
7;Chris Paul;28;LAC;0;45;1250;36;62;35;19.1;4.3;10.7;2.5;0.1;467;368;855;12.2;0.27;2014
8;Al Jefferson;29;CHA;0;34;1250;27;73;35;21.8;10.8;2.1;0.9;1.1;509;0.2;0.69;7.8;146;2014
9;Paul George;23;IND;0;33;1250;26;80;36.2;21.7;6.8;3.5;1.9;0.3;424;364;864;10.8;178;2014
10;LaMarcus Aldridge;28;POR;0;26;1250;21;69;36.2;23.2;11.1;2.6;0.9;1;458;0.2;822;7.5;144;2014
11;Kevin Love;25;MIN;0;25;1250;0.02;77;36.3;26.1;12.5;4.4;0.8;0.5;457;376;821;14.3;245;2014
12T;Tim Duncan;37;SAS;0;21;1250;17;74;29.2;15.1;9.7;3;0.6;1.9;0.49;0;731;7.4;164;2014
12T;Tony Parker;31;SAS;0;21;1250;17;68;29.4;16.7;2.3;5.7;0.5;0.1;499;373;811;5.9;141;2014
14;Dirk Nowitzki;35;DAL;0;7;1250;6;80;32.9;21.7;6.2;2.7;0.9;0.6;497;398;899;10.9;199;2014
15;Carmelo Anthony;29;NYK;0;4;1250;3;77;38.7;27.4;8.1;3.1;1.2;0.7;452;402;848;10.7;172;2014
16;Goran Dragi?;27;PHO;0;3;1250;2;76;35.1;20.3;3.2;5.9;1.4;0.3;505;408;0.76;10.3;186;2014
17;Mike Conley;26;MEM;0;1;1250;1;73;33.5;17.2;2.9;6;1.5;0.2;0.45;361;815;8.2;161;2014
1;Stephen Curry;26;GSW;100;1198;1300;922;80;32.7;23.8;4.3;7.7;2;0.2;487;443;914;15.7;288;2015
2;James Harden;25;HOU;25;936;1300;0.72;81;36.8;27.4;5.7;7;1.9;0.7;0.44;375;868;16.4;265;2015
3;LeBron James;30;CLE;5;552;1300;425;69;36.1;25.3;6;7.4;1.6;0.7;488;354;0.71;10.4;199;2015
4;Russell Westbrook;26;OKC;0;352;1300;271;67;34.4;28.1;7.3;8.6;2.1;0.2;426;299;835;10.6;222;2015
5;Anthony Davis;21;NOP;0;203;1300;156;68;36.1;24.4;10.2;2.2;1.5;2.9;535;83;805;14;274;2015
6;Chris Paul;29;LAC;0;124;1300;95;82;34.8;19.1;4.6;10.2;1.9;0.2;485;398;0.9;16.1;0.27;2015
7;LaMarcus Aldridge;29;POR;0;6;1300;5;71;35.4;23.4;10.2;1.7;0.7;1;466;352;845;8.6;165;2015
8T;Marc Gasol;30;MEM;0;3;1300;2;81;33.2;17.4;7.8;3.8;0.9;1.6;494;176;795;10.2;182;2015
8T;Blake Griffin;25;LAC;0;3;1300;2;67;35.2;21.9;7.6;5.3;0.9;0.5;502;0.4;728;9;183;2015
10T;Tim Duncan;38;SAS;0;1;1300;1;77;28.9;13.9;9.1;3;0.8;2;512;286;0.74;9.6;207;2015
10T;Kawhi Leonard;23;SAS;0;1;1300;1;64;31.8;16.5;7.2;2.5;2.3;0.8;479;349;802;8.6;204;2015
10T;Klay Thompson;24;GSW;0;1;1300;1;77;31.9;21.7;3.2;2.9;1.1;0.8;463;439;879;8.8;172;2015
1;Stephen Curry;27;GSW;131;1310;1310;1;79;34.2;30.1;5.4;6.7;2.1;0.2;504;454;908;17.9;318;2016
2;Kawhi Leonard;24;SAS;0;634;1310;484;72;33.1;21.2;6.8;2.6;1.8;1;506;443;874;13.7;277;2016
3;LeBron James;31;CLE;0;631;1310;482;76;35.6;25.3;7.4;6.8;1.4;0.6;0.52;309;731;13.6;242;2016
4;Russell Westbrook;27;OKC;0;486;1310;371;80;34.4;23.5;7.8;10.4;2;0.3;454;296;812;14;245;2016
5;Kevin Durant;27;OKC;0;147;1310;112;72;35.8;28.2;8.2;5;1;1.2;505;387;898;14.5;0.27;2016
6;Chris Paul;30;LAC;0;107;1310;82;74;32.7;19.5;4.2;10;2.1;0.2;462;371;896;12.7;253;2016
7;Draymond Green;25;GSW;0;50;1310;38;81;34.7;14;9.5;7.4;1.5;1.4;0.49;388;696;11.1;0.19;2016
8;Damian Lillard;25;POR;0;26;1310;0.02;75;35.7;25.1;4;6.8;0.9;0.4;419;375;892;9.2;165;2016
9;James Harden;26;HOU;0;9;1310;7;82;38.1;29;6.1;7.5;1.7;0.6;439;359;0.86;13.3;204;2016
10;Kyle Lowry;29;TOR;0;6;1310;5;77;37;21.2;4.7;6.4;2.1;0.4;427;388;811;11.6;196;2016
1;Russell Westbrook;28;OKC;69;888;1010;879;81;34.6;31.6;10.7;10.4;1.6;0.4;425;343;845;13.1;224;2017
2;James Harden;27;HOU;22;753;1010;746;81;36.4;29.1;8.1;11.2;1.5;0.5;0.44;347;847;15;245;2017
3;Kawhi Leonard;25;SAS;9;500;1010;495;74;33.4;25.5;5.8;3.5;1.8;0.7;485;0.38;0.88;13.6;264;2017
4;LeBron James;32;CLE;1;333;1010;0.33;74;37.8;26.4;8.6;8.7;1.2;0.6;548;363;674;12.9;221;2017
5;Isaiah Thomas;27;BOS;0;81;1010;0.08;76;33.8;28.9;2.7;5.9;0.9;0.2;463;379;909;12.5;234;2017
6;Stephen Curry;28;GSW;0;52;1010;51;79;33.4;25.3;4.5;6.6;1.8;0.2;468;411;898;12.6;229;2017
7T;Giannis Antetokounmpo;22;MIL;0;7;1010;7;80;35.6;22.9;8.8;5.4;1.6;1.9;521;272;0.77;12.4;0.21;2017
7T;John Wall;26;WAS;0;7;1010;7;78;36.4;23.1;4.2;10.7;2;0.6;451;327;801;8.8;149;2017
9T;Anthony Davis;23;NOP;0;2;1010;2;75;36.1;28;11.8;2.1;1.3;2.2;505;299;802;11;195;2017
9T;Kevin Durant;28;GSW;0;2;1010;2;62;33.4;25.1;8.3;4.8;1.1;1.6;537;375;875;12;278;2017
11;DeMar DeRozan;27;TOR;0;1;1010;1;74;35.4;27.3;5.2;3.9;1.1;0.2;467;266;842;9;166;2017
1;James Harden;28;HOU;86;965;1010;955;72;35.4;30.4;5.4;8.8;1.8;0.7;449;367;858;15.4;289;2018
2;LeBron James;33;CLE;15;738;1010;731;82;36.9;27.5;8.6;9.1;1.4;0.9;542;367;731;14;221;2018
3;Anthony Davis;24;NOP;0;445;1010;441;75;36.4;28.1;11.1;2.3;1.5;2.6;534;0.34;828;13.7;241;2018
4;Damian Lillard;27;POR;0;207;1010;205;73;36.6;26.9;4.5;6.6;1.1;0.4;439;361;916;12.6;227;2018
5;Russell Westbrook;29;OKC;0;76;1010;75;80;36.4;25.4;10.1;10.3;1.8;0.3;449;298;737;10.1;166;2018
6;Giannis Antetokounmpo;23;MIL;0;75;1010;74;75;36.7;26.9;10;4.8;1.5;1.4;529;307;0.76;11.9;207;2018
7;Kevin Durant;29;GSW;0;66;1010;65;68;34.2;26.4;6.8;5.4;0.7;1.8;516;419;889;10.4;215;2018
8;DeMar DeRozan;28;TOR;0;32;1010;32;80;33.9;23;3.9;5.2;1.1;0.3;456;0.31;825;9.6;0.17;2018
9;LaMarcus Aldridge;32;SAS;0;6;1010;6;75;33.5;23.1;8.5;2;0.6;1.2;0.51;293;837;10.9;209;2018
10T;Jimmy Butler;28;MIN;0;5;1010;5;59;36.7;22.2;5.3;4.9;2;0.4;474;0.35;854;8.9;198;2018
10T;Stephen Curry;29;GSW;0;5;1010;5;51;32;26.4;5.1;6.1;1.6;0.2;495;423;921;9.1;267;2018
12;Joel Embiid;23;PHI;0;4;1010;4;63;30.3;22.9;11;3.2;0.6;1.8;483;308;769;6.2;155;2018
13;Victor Oladipo;25;IND;0;2;1010;2;75;34;23.1;5.2;4.3;2.4;0.8;477;371;799;8.2;155;2018
1;Giannis Antetokounmpo;24;MIL;78;941;1010;932;72;32.8;27.7;12.5;5.9;1.3;1.5;578;256;729;14.4;292;2019
2;James Harden;29;HOU;23;776;1010;768;78;36.8;36.1;6.6;7.5;2;0.7;442;368;879;15.2;254;2019
3;Paul George;28;OKC;0;356;1010;352;77;36.9;28;8.2;4.1;2.2;0.4;438;386;839;11.9;201;2019
4;Nikola Joki?;23;DEN;0;212;1010;0.21;80;31.3;20.1;10.8;7.3;1.4;0.7;511;307;821;11.8;226;2019
5;Stephen Curry;30;GSW;0;175;1010;173;69;33.8;27.3;5.3;5.2;1.3;0.4;472;437;916;9.7;199;2019
6;Damian Lillard;28;POR;0;69;1010;68;80;35.5;25.8;4.6;6.9;1.1;0.4;444;369;912;12.1;205;2019
7;Joel Embiid;24;PHI;0;49;1010;49;64;33.7;27.5;13.6;3.7;0.7;1.9;484;0.3;804;8.7;194;2019
8;Kevin Durant;30;GSW;0;25;1010;25;78;34.6;26;6.4;5.9;0.7;1.1;521;353;885;11.5;204;2019
9;Kawhi Leonard;27;TOR;0;13;1010;13;60;34;26.6;7.3;3.3;1.8;0.4;496;371;854;9.5;224;2019
10;Russell Westbrook;30;OKC;0;8;1010;8;73;36;22.9;11.1;10.7;1.9;0.5;428;0.29;656;6.8;124;2019
11T;Rudy Gobert;26;UTA;0;1;1010;1;81;31.8;15.9;12.9;2;0.8;2.3;669;0;636;14.4;268;2019
11T;LeBron James;34;LAL;0;1;1010;1;55;35.2;27.4;8.5;8.3;1.3;0.6;0.51;339;665;7.2;179;2019
1;Giannis Antetokounmpo;25;MIL;85;962;1010;952;63;30.4;29.5;13.6;5.6;1;1;553;304;633;11.1;279;2020
2;LeBron James;35;LAL;16;753;1010;746;67;34.6;25.3;7.8;10.2;1.2;0.5;493;348;693;9.8;204;2020
3;James Harden;30;HOU;0;367;1010;363;68;36.5;34.3;6.6;7.5;1.8;0.9;444;355;865;13.1;254;2020
4;Luka Don?i?;20;DAL;0;200;1010;198;61;33.6;28.8;9.4;8.8;1;0.2;463;316;758;8.8;207;2020
5;Kawhi Leonard;28;LAC;0;168;1010;166;57;32.4;27.1;7.1;4.9;1.8;0.6;0.47;378;886;8.7;226;2020
6;Anthony Davis;26;LAL;0;82;1010;81;62;34.4;26.1;9.3;3.2;1.5;2.3;503;0.33;846;11.1;0.25;2020
7;Chris Paul;34;OKC;0;26;1010;26;70;31.5;17.6;5;6.7;1.6;0.2;489;365;907;8.9;193;2020
8;Damian Lillard;29;POR;0;23;1010;23;66;37.5;30;4.3;8;1.1;0.3;463;401;888;11.6;225;2020
9;Nikola Joki?;24;DEN;0;18;1010;18;73;32;19.9;9.7;7;1.2;0.6;528;314;817;9.8;202;2020
10;Pascal Siakam;25;TOR;0;17;1010;17;60;35.2;22.9;7.3;3.5;1;0.9;453;359;792;5.4;123;2020
11;Jimmy Butler;30;MIA;0;9;1010;9;58;33.8;19.9;6.7;6;1.8;0.6;455;244;834;9;221;2020
12;Jayson Tatum;21;BOS;0;1;1010;1;66;34.3;23.4;7;3;1.4;0.9;0.45;403;812;6.9;146;2020
1;Nikola Joki?;25;DEN;91;971;1010;961;72;34.6;26.4;10.8;8.3;1.3;0.7;566;388;868;15.6;301;2021
2;Joel Embiid;26;PHI;1;586;1010;0.58;51;31.1;28.5;10.6;2.8;1;1.4;513;377;859;8.8;266;2021
3;Stephen Curry;32;GSW;5;453;1010;449;63;34.2;32;5.5;5.8;1.2;0.1;482;421;916;9;201;2021
4;Giannis Antetokounmpo;26;MIL;1;348;1010;345;61;33;28.1;11;5.9;1.2;1.2;569;303;685;10.2;244;2021
5;Chris Paul;35;PHO;2;139;1010;138;70;31.4;16.4;4.5;8.9;1.4;0.3;499;395;934;9.2;201;2021
6;Luka Don?i?;21;DAL;0;42;1010;42;66;34.3;27.7;8;8.6;1;0.5;479;0.35;0.73;7.7;163;2021
7;Damian Lillard;30;POR;0;38;1010;38;67;35.8;28.8;4.2;7.5;0.9;0.3;451;391;928;10.4;209;2021
8;Julius Randle;26;NYK;0;20;1010;0.02;71;37.6;24.1;10.2;6;0.9;0.3;456;411;811;7.8;0.14;2021
9;Derrick Rose;32;TOT;1;10;1010;0.01;50;25.6;14.7;2.6;4.2;1;0.4;0.47;388;866;3.1;118;2021
10;Rudy Gobert;28;UTA;0;8;1010;8;71;30.8;14.3;13.5;1.3;0.6;2.7;675;0;623;11.3;248;2021
11;Russell Westbrook;32;WAS;0;5;1010;5;65;36.4;22.2;11.5;11.7;1.4;0.4;439;315;656;3.7;75;2021
12;Ben Simmons;24;PHI;0;3;1010;3;58;32.4;14.3;7.2;6.9;1.6;0.6;557;0.3;613;6;153;2021
13T;James Harden;31;TOT;0;1;1010;1;44;36.6;24.6;7.9;10.8;1.2;0.8;466;362;861;7;208;2021
13T;LeBron James;36;LAL;0;1;1010;1;45;33.4;25;7.7;7.8;1.1;0.6;513;365;698;5.6;179;2021
13T;Kawhi Leonard;29;LAC;0;1;1010;1;52;34.1;24.8;6.5;5.2;1.6;0.4;512;398;885;8.8;238;2021